create database QLSuaXe
use QLSuaXe
CREATE TABLE TAIKHOAN(
	TaiKhoan nvarchar(50) not null,
	MatKhau nvarchar(50) not null
)
INSERT INTO TAIKHOAN (TaiKhoan, MatKhau) 
VALUES 
('admin', '123'),
('MNV001', '123456'),
('MNV002', '123456');


SET ANSI_NULLS ON
GO
SET QUOTED_IDENTIFIER ON
GO
CREATE TABLE [dbo].[XEMAY](
	MaXe nvarchar(10) not null,
	TenXe nvarchar(20)  null,
	LoaiXe nvarchar(10)  null,
	SoKhung nvarchar(10)  null,
	SoMay nvarchar(10)  null,
	BienSo nvarchar(10) null,
	MaMau nvarchar(10)  null,
PRIMARY KEY CLUSTERED 
(
	[MaXe] ASC
)WITH (PAD_INDEX = OFF, STATISTICS_NORECOMPUTE = OFF, IGNORE_DUP_KEY = OFF, ALLOW_ROW_LOCKS = ON, ALLOW_PAGE_LOCKS = ON) ON [PRIMARY]
) ON [PRIMARY]
GO

SET ANSI_NULLS ON
GO
SET QUOTED_IDENTIFIER ON
GO

SET ANSI_NULLS ON
GO
SET QUOTED_IDENTIFIER ON
GO
CREATE TABLE [dbo].[YEUCAUSUACHUA](
	MaSuaChua nvarchar(10) not null,
	MaXe nvarchar(10) not null,
	MaKhachHang nvarchar(10) not null,
	NgaySua date  null,
	NguyenNhan nvarchar(100) null,
PRIMARY KEY CLUSTERED 
(
	MaSuaChua asc
)WITH (PAD_INDEX = OFF, STATISTICS_NORECOMPUTE = OFF, IGNORE_DUP_KEY = OFF, ALLOW_ROW_LOCKS = ON, ALLOW_PAGE_LOCKS = ON) ON [PRIMARY]
) ON [PRIMARY]
GO
SET ANSI_NULLS ON
GO
SET QUOTED_IDENTIFIER ON
GO
CREATE TABLE [dbo].[KHACHHANG](
	MaKhachHang nvarchar(10) not null,
	TenKhachHang nvarchar(20) not null,
	DiaChi nvarchar(20) null,
	SoDienThoai nvarchar(10) null,
PRIMARY KEY CLUSTERED 
(
	MaKhachHang asc
)WITH (PAD_INDEX = OFF, STATISTICS_NORECOMPUTE = OFF, IGNORE_DUP_KEY = OFF, ALLOW_ROW_LOCKS = ON, ALLOW_PAGE_LOCKS = ON) ON [PRIMARY]
) ON [PRIMARY]
GO

CREATE TABLE [dbo].[HOADON](
	[MaHoaDon] [nvarchar](10) NOT NULL,
	[MaNhanVien] [nvarchar](10) NOT NULL,
	[MaPhuTung] [nvarchar](10) NOT NULL,
	[MaSuaChua] [nvarchar](10) NOT NULL,
	[NgayIn] [date] NOT NULL,
	[GiaiPhap] [nvarchar](100) NOT NULL,
	[SoLuong] [int] NULL,
	[TongTien] [money] NULL,
PRIMARY KEY CLUSTERED 
(
	[MaHoaDon] ASC,
	[MaPhuTung] ASC
)WITH (PAD_INDEX = OFF, STATISTICS_NORECOMPUTE = OFF, IGNORE_DUP_KEY = OFF, ALLOW_ROW_LOCKS = ON, ALLOW_PAGE_LOCKS = ON, OPTIMIZE_FOR_SEQUENTIAL_KEY = OFF) ON [PRIMARY]
) ON [PRIMARY]
GO

ALTER TABLE [dbo].[HOADON]  WITH CHECK ADD  CONSTRAINT [FK_HOADON_YEUCAUSUACHUA] FOREIGN KEY([MaSuaChua])
REFERENCES [dbo].[YEUCAUSUACHUA] ([MaSuaChua])
GO

ALTER TABLE [dbo].[HOADON] CHECK CONSTRAINT [FK_HOADON_YEUCAUSUACHUA]
GO

CREATE TABLE [dbo].[PHUTUNG](
	MaPhuTung nvarchar(10) not null,
	TenPhuTung NVARCHAR(30),
	SoLuong int  null,
	DonGiaNhap money null,
	DonGiaBan money  null,
PRIMARY KEY CLUSTERED 
(
	MaPhuTung asc
)WITH (PAD_INDEX = OFF, STATISTICS_NORECOMPUTE = OFF, IGNORE_DUP_KEY = OFF, ALLOW_ROW_LOCKS = ON, ALLOW_PAGE_LOCKS = ON) ON [PRIMARY]
) ON [PRIMARY]
GO
SET ANSI_NULLS ON
GO
SET QUOTED_IDENTIFIER ON
GO
CREATE TABLE [dbo].[CHITIETHDN](
	MaHDN nvarchar(10) not null,
	MaPhuTung nvarchar(10) not null,
	SoLuongNhap int  null,

PRIMARY KEY CLUSTERED 
(
	MaHDN asc,
	MaPhuTung asc
)WITH (PAD_INDEX = OFF, STATISTICS_NORECOMPUTE = OFF, IGNORE_DUP_KEY = OFF, ALLOW_ROW_LOCKS = ON, ALLOW_PAGE_LOCKS = ON) ON [PRIMARY]
) ON [PRIMARY]
GO
SET ANSI_NULLS ON
GO
SET QUOTED_IDENTIFIER ON
GO
CREATE TABLE [dbo].[HOADONNHAPPHUTUNG](
	MaHDN nvarchar(10) not null,
	NgayNhap date not null,
	MaNhanVien nvarchar(10) not null,
	TongTien money null,
PRIMARY KEY CLUSTERED 
(
	MaHDN asc
)WITH (PAD_INDEX = OFF, STATISTICS_NORECOMPUTE = OFF, IGNORE_DUP_KEY = OFF, ALLOW_ROW_LOCKS = ON, ALLOW_PAGE_LOCKS = ON) ON [PRIMARY]
) ON [PRIMARY]
GO
SET ANSI_NULLS ON
GO
SET QUOTED_IDENTIFIER ON
GO
CREATE TABLE [dbo].[NHANVIEN](
	MaNhanVien nvarchar(10) not null,
	TenNhanVien nvarchar(10) not null,
	MaTrinhDo nvarchar(10) not null,
	NgaySinh date not null,
PRIMARY KEY CLUSTERED 
(
	MaNhanVien asc
)WITH (PAD_INDEX = OFF, STATISTICS_NORECOMPUTE = OFF, IGNORE_DUP_KEY = OFF, ALLOW_ROW_LOCKS = ON, ALLOW_PAGE_LOCKS = ON) ON [PRIMARY]
) ON [PRIMARY]
GO
SET ANSI_NULLS ON
GO
SET QUOTED_IDENTIFIER ON
GO
CREATE TABLE [dbo].[TRINHDO](
	MaTrinhDo nvarchar(10) not null,
	TenTrinhDo nvarchar(10) not null,
PRIMARY KEY CLUSTERED 
(
	MaTrinhDo asc
)WITH (PAD_INDEX = OFF, STATISTICS_NORECOMPUTE = OFF, IGNORE_DUP_KEY = OFF, ALLOW_ROW_LOCKS = ON, ALLOW_PAGE_LOCKS = ON) ON [PRIMARY]
) ON [PRIMARY]
GO

ALTER TABLE [dbo].[YEUCAUSUACHUA]  WITH CHECK ADD  CONSTRAINT [FK_2] FOREIGN KEY([MaXe])
REFERENCES [dbo].[XEMAY] ([MaXe])
GO
ALTER TABLE [dbo].[YEUCAUSUACHUA]  WITH CHECK ADD  CONSTRAINT [FK_3] FOREIGN KEY([MaKhachHang])
REFERENCES [dbo].[KHACHHANG] ([MaKhachHang])
GO

ALTER TABLE [dbo].[CHITIETHDN]  WITH CHECK ADD  CONSTRAINT [FK_8] FOREIGN KEY([MaPhuTung])
REFERENCES [dbo].[PHUTUNG] ([MaPhuTung])
GO
ALTER TABLE [dbo].[CHITIETHDN]  WITH CHECK ADD  CONSTRAINT [FK_9] FOREIGN KEY([MaHDN])
REFERENCES [dbo].[HOADONNHAPPHUTUNG] ([MaHDN])
GO
ALTER TABLE [dbo].[HOADONNHAPPHUTUNG]  WITH CHECK ADD  CONSTRAINT [FK_10] FOREIGN KEY([MaNhanVien])
REFERENCES [dbo].[NHANVIEN] ([MaNhanVien])
GO
ALTER TABLE [dbo].[NHANVIEN]  WITH CHECK ADD  CONSTRAINT [FK_11] FOREIGN KEY([MaTrinhDo])
REFERENCES [dbo].[TRINHDO] ([MaTrinhDo])
GO
ALTER TABLE KHACHHANG
ALTER COLUMN TenKhachHang NVARCHAR(20);
ALTER TABLE KHACHHANG
ALTER COLUMN DiaChi NVARCHAR(50);
INSERT INTO KHACHHANG(MaKhachHang, TenKhachHang, DiaChi, SoDienThoai)
VALUES
('MK001', N'Nguyễn Văn Nam', N'Số 12, Đường Lê Đức Thọ, Mỹ Đình, Nam Từ Liêm', '0912345678'),
('MK002', N'Nguyễn Thị Hoa', N'Số 23, Đường Xuân Thủy, Cầu Giấy', '0912345679'),
('MK003', N'Trần Văn Bình', N'Số 56, Đường Hoàng Hoa Thám, Ba Đình', '0912345680'),
('MK004', N'Phạm Thị Hạnh', N'Số 45, Đường Giải Phóng, Hoàng Mai', '0912345681'),
('MK005', N'Lê Văn Hùng', N'Số 89, Đường Nguyễn Trãi, Thanh Xuân', '0912345682'),
('MK006', N'Hoàng Thị Lan', N'Số 10, Đường Hàm Nghi, Mỹ Đình, Nam Từ Liêm', '0912345683'),
('MK007', N'Vũ Văn Dũng', N'Số 33, Đường Nguyễn Phong Sắc, Cầu Giấy', '0912345684'),
('MK008', N'Ngô Thị Hương', N'Số 101, Đường Đội Cấn, Ba Đình', '0912345685'),
('MK009', N'Bùi Văn Sơn', N'Số 78, Đường Tam Trinh, Hoàng Mai', '0912345686'),
('MK010', N'Phan Thị Minh', N'Số 90, Đường Lê Văn Lương, Thanh Xuân', '0912345687'),
('MK011', N'Tô Văn Long', N'Số 22, Đường Mễ Trì, Mỹ Đình, Nam Từ Liêm', '0912345688'),
('MK012', N'Đinh Thị Hà', N'Số 54, Đường Hoàng Quốc Việt, Cầu Giấy', '0912345689'),
('MK013', N'Hồ Văn Quân', N'Số 76, Đường Ngọc Hà, Ba Đình', '0912345690'),
('MK014', N'Nguyễn Thị Phương', N'Số 120, Đường Tân Mai, Hoàng Mai', '0912345691'),
('MK015', N'Phạm Văn Khang', N'Số 88, Đường Nguyễn Xiển, Thanh Xuân', '0912345692'),
('MK016', N'Nguyễn Văn Tùng', N'Số 34, Đường Hồ Tùng Mậu, Cầu Giấy', '0912345693'),
('MK017', N'Phan Thị Lan', N'Số 45, Đường Liễu Giai, Ba Đình', '0912345694'),
('MK018', N'Lê Văn Quý', N'Số 12, Đường Trường Chinh, Đống Đa', '0912345695'),
('MK019', N'Hoàng Văn Tuấn', N'Số 100, Đường Vũ Tông Phan, Thanh Xuân', '0912345696'),
('MK020', N'Ngô Thị Mai', N'Số 23, Đường Hồ Đắc Di, Đống Đa', '0912345697'),
('MK021', N'Bùi Thị Yến', N'Số 78, Đường Phạm Hùng, Nam Từ Liêm', '0912345698'),
('MK022', N'Vũ Văn Khánh', N'Số 55, Đường Nguyễn Huy Tưởng, Thanh Xuân', '0912345699'),
('MK023', N'Phạm Minh Hoàng', N'Số 32, Đường Khuất Duy Tiến, Thanh Xuân', '0912345700'),
('MK024', N'Nguyễn Hữu Tài', N'Số 67, Đường Kim Mã, Ba Đình', '0912345701'),
('MK025', N'Trần Thị Thảo', N'Số 44, Đường Bạch Mai, Hai Bà Trưng', '0912345702'),
('MK026', N'Hoàng Văn Hà', N'Số 88, Đường Hoàng Mai, Hoàng Mai', '0912345703'),
('MK027', N'Nguyễn Thị Thu', N'Số 19, Đường Đại Cồ Việt, Hai Bà Trưng', '0912345704'),
('MK028', N'Đỗ Thị Phương', N'Số 110, Đường Cầu Diễn, Nam Từ Liêm', '0912345705'),
('MK029', N'Lê Văn Nam', N'Số 51, Đường Kim Giang, Thanh Xuân', '0912345706'),
('MK030', N'Phan Văn Đạt', N'Số 29, Đường Nguyễn Công Trứ, Hai Bà Trưng', '0912345707'),
('MK031', N'Nguyễn Thị Hằng', N'Số 72, Đường Láng, Đống Đa', '0912345708'),
('MK032', N'Trần Văn Kiên', N'Số 15, Đường Tô Hiệu, Hà Đông', '0912345709'),
('MK033', N'Phạm Thị Vân', N'Số 90, Đường Nguyễn Lương Bằng, Đống Đa', '0912345710'),
('MK034', N'Lê Thị Hương', N'Số 19, Đường Minh Khai, Hai Bà Trưng', '0912345711'),
('MK035', N'Vũ Văn Trọng', N'Số 60, Đường Đại La, Hai Bà Trưng', '0912345712'),
('MK036', N'Bùi Thị Thanh', N'Số 77, Đường Hồ Tây, Tây Hồ', '0912345713'),
('MK037', N'Ngô Văn Tân', N'Số 25, Đường Lạc Long Quân, Tây Hồ', '0912345714'),
('MK038', N'Nguyễn Thị Lan Anh', N'Số 37, Đường Trần Duy Hưng, Cầu Giấy', '0912345715'),
('MK039', N'Lê Thị Ngọc', N'Số 50, Đường Phạm Văn Đồng, Bắc Từ Liêm', '0912345716'),
('MK040', N'Hoàng Văn Lợi', N'Số 81, Đường Cổ Nhuế, Bắc Từ Liêm', '0912345717'),
('MK041', N'Phan Thị Quỳnh', N'Số 92, Đường Lê Văn Thiêm, Thanh Xuân', '0912345718'),
('MK042', N'Bùi Văn Thành', N'Số 45, Đường Nguyễn Chí Thanh, Đống Đa', '0912345719'),
('MK043', N'Phạm Thị Hải', N'Số 76, Đường Ngọc Khánh, Ba Đình', '0912345720'),
('MK044', N'Nguyễn Văn Hòa', N'Số 88, Đường Lê Trọng Tấn, Hà Đông', '0912345721'),
('MK045', N'Trần Thị Thu Hương', N'Số 18, Đường Quang Trung, Hà Đông', '0912345722'),
('MK046', N'Phạm Văn Cường', N'Số 12, Đường Định Công, Hoàng Mai', '0912345723'),
('MK047', N'Trần Văn Tú', N'Số 19, Đường Kim Đồng, Hoàng Mai', '0912345724'),
('MK048', N'Nguyễn Thị Hà', N'Số 53, Đường Thái Hà, Đống Đa', '0912345725'),
('MK049', N'Bùi Thị Mai', N'Số 66, Đường Giảng Võ, Ba Đình', '0912345726'),
('MK050', N'Lê Văn An', N'Số 29, Đường Nguyễn Xiển, Thanh Xuân', '0912345727'),
('MK051', N'Vũ Thị Phương', N'Số 37, Đường Phương Mai, Đống Đa', '0912345728'),
('MK052', N'Nguyễn Thị Nhàn', N'Số 88, Đường Kim Ngưu, Hai Bà Trưng', '0912345729'),
('MK053', N'Trần Văn Duy', N'Số 44, Đường Đại Cồ Việt, Hai Bà Trưng', '0912345730'),
('MK054', N'Ngô Thị Liên', N'Số 11, Đường Nguyễn Thái Học, Ba Đình', '0912345731'),
('MK055', N'Lê Văn Sơn', N'Số 23, Đường Cát Linh, Đống Đa', '0912345732'),
('MK056', N'Hoàng Thị Thảo', N'Số 99, Đường Xã Đàn, Đống Đa', '0912345733'),
('MK057', N'Trần Thị Mai', N'Số 65, Đường Phạm Ngọc Thạch, Đống Đa', '0912345734'),
('MK058', N'Nguyễn Văn Vũ', N'Số 82, Đường Nguyễn Chí Thanh, Đống Đa', '0912345735'),
('MK059', N'Phan Thị Lan', N'Số 23, Đường Hoàng Cầu, Đống Đa', '0912345736'),
('MK060', N'Lê Thị Bình', N'Số 43, Đường Láng Hạ, Ba Đình', '0912345737'),
('MK061', N'Hoàng Văn Hiếu', N'Số 21, Đường Hoàng Diệu, Ba Đình', '0912345738'),
('MK062', N'Trần Văn Đạt', N'Số 17, Đường Nguyễn Văn Huyên, Cầu Giấy', '0912345739'),
('MK063', N'Nguyễn Thị Lệ', N'Số 36, Đường Tôn Thất Tùng, Đống Đa', '0912345740'),
('MK064', N'Phạm Văn Thành', N'Số 28, Đường Thụy Khuê, Tây Hồ', '0912345741'),
('MK065', N'Lê Thị Kim', N'Số 54, Đường Văn Cao, Ba Đình', '0912345742'),
('MK066', N'Vũ Văn Bình', N'Số 76, Đường Ngọc Hà, Ba Đình', '0912345743'),
('MK067', N'Phạm Thị Thúy', N'Số 32, Đường Phố Huế, Hai Bà Trưng', '0912345744'),
('MK068', N'Trần Văn Long', N'Số 85, Đường Hồng Hà, Hoàn Kiếm', '0912345745'),
('MK069', N'Bùi Thị Xuân', N'Số 57, Đường Hàng Bài, Hoàn Kiếm', '0912345746'),
('MK070', N'Nguyễn Thị Vân', N'Số 45, Đường Hàng Mã, Hoàn Kiếm', '0912345747'),
('MK071', N'Lê Văn Hòa', N'Số 32, Đường Hàng Buồm, Hoàn Kiếm', '0912345748'),
('MK072', N'Vũ Thị Minh', N'Số 50, Đường Đinh Tiên Hoàng, Hoàn Kiếm', '0912345749'),
('MK073', N'Trần Thị Hồng', N'Số 19, Đường Hàng Đào, Hoàn Kiếm', '0912345750'),
('MK074', N'Nguyễn Văn Hải', N'Số 22, Đường Hàng Bông, Hoàn Kiếm', '0912345751'),
('MK075', N'Lê Thị Quyên', N'Số 48, Đường Hàng Trống, Hoàn Kiếm', '0912345752'),
('MK076', N'Phạm Văn Dũng', N'Số 33, Đường Hàng Gai, Hoàn Kiếm', '0912345753'),
('MK077', N'Trần Thị Nga', N'Số 91, Đường Hàng Đường, Hoàn Kiếm', '0912345754'),
('MK078', N'Nguyễn Thị Hoài', N'Số 77, Đường Phùng Hưng, Hoàn Kiếm', '0912345755'),
('MK079', N'Hoàng Văn Hưng', N'Số 18, Đường Lý Thường Kiệt, Hoàn Kiếm', '0912345756'),
('MK080', N'Phan Thị Hiền', N'Số 23, Đường Trần Hưng Đạo, Hoàn Kiếm', '0912345757'),
('MK081', N'Trần Văn Quang', N'Số 61, Đường Hai Bà Trưng, Hoàn Kiếm', '0912345758'),
('MK082', N'Nguyễn Thị Thảo', N'Số 52, Đường Lê Thánh Tông, Hoàn Kiếm', '0912345759'),
('MK083', N'Phạm Văn Thắng', N'Số 25, Đường Trần Quang Khải, Hoàn Kiếm', '0912345760'),
('MK084', N'Trần Thị Nhung', N'Số 44, Đường Bà Triệu, Hai Bà Trưng', '0912345761'),
('MK085', N'Lê Thị Phượng', N'Số 29, Đường Lê Đại Hành, Hai Bà Trưng', '0912345762'),
('MK086', N'Vũ Văn Tân', N'Số 92, Đường Lạc Long Quân, Tây Hồ', '0912345763'),
('MK087', N'Ngô Thị Linh', N'Số 58, Đường Tô Ngọc Vân, Tây Hồ', '0912345764'),
('MK088', N'Bùi Thị Duyên', N'Số 37, Đường Âu Cơ, Tây Hồ', '0912345765'),
('MK089', N'Lê Văn Khoa', N'Số 18, Đường Xuân La, Tây Hồ', '0912345766'),
('MK090', N'Phạm Thị Oanh', N'Số 41, Đường Võ Chí Công, Tây Hồ', '0912345767'),
('MK091', N'Nguyễn Văn Bảo', N'Số 22, Đường Yên Phụ, Tây Hồ', '0912345768'),
('MK092', N'Hoàng Thị Nhi', N'Số 88, Đường Âu Cơ, Tây Hồ', '0912345769'),
('MK093', N'Ngô Văn Phúc', N'Số 55, Đường Lê Đức Thọ, Nam Từ Liêm', '0912345770'),
('MK094', N'Phạm Thị Thanh', N'Số 36, Đường Trần Cung, Bắc Từ Liêm', '0912345771'),
('MK095', N'Vũ Văn Sơn', N'Số 77, Đường Lê Quang Đạo, Nam Từ Liêm', '0912345772'),
('MK096', N'Trần Thị Hà', N'Số 19, Đường Tân Mai, Hoàng Mai', '0912345773'),
('MK097', N'Nguyễn Thị Phương', N'Số 61, Đường Hoàng Cầu, Đống Đa', '0912345774'),
('MK098', N'Phan Văn Khang', N'Số 99, Đường Thụy Khuê, Tây Hồ', '0912345775'),
('MK099', N'Trần Văn Kiên', N'Số 44, Đường Văn Cao, Ba Đình', '0912345776'),
('MK100', N'Phạm Thị Như', N'Số 76, Đường Ngọc Khánh, Ba Đình', '0912345777');
go
ALTER TABLE TRINHDO
ALTER COLUMN TenTrinhDo NVARCHAR(30);
INSERT INTO TRINHDO(MaTrinhDo, TenTrinhDo) VALUES ('TD01', N'thợ sửa');
INSERT INTO TRINHDO(MaTrinhDo, TenTrinhDo) VALUES ('TD02', N'quản lý');
INSERT INTO TRINHDO(MaTrinhDo, TenTrinhDo) VALUES ('TD03', N'kế toán');
UPDATE TRINHDO
SET TenTrinhDo = N'thợ sửa bậc 1'
WHERE MaTrinhDo = N'TD01';
UPDATE TRINHDO
SET TenTrinhDo = N'thợ sửa bậc 2'
WHERE MaTrinhDo = 'TD02';
UPDATE TRINHDO
SET TenTrinhDo = N'thợ sửa bậc 3'
WHERE MaTrinhDo = 'TD03';

ALTER TABLE NHANVIEN
ALTER COLUMN TenNhanVien NVARCHAR(30);
INSERT INTO NHANVIEN(MaNhanVien, TenNhanVien, MaTrinhDo, NgaySinh) VALUES
('MNV001', N'Nguyễn Văn Nam', 'TD01', '1985-01-15'),
('MNV002', N'Trần Thị Bích', 'TD02', '1990-02-20'),
('MNV003', N'Phạm Minh Tuấn', 'TD03', '1988-03-05'),
('MNV004', N'Lê Thị Hương', 'TD01', '1992-04-10'),
('MNV005', N'Nguyễn Văn An', 'TD02', '1983-05-25'),
('MNV006', N'Trần Văn Hoàng', 'TD03', '1987-06-30'),
('MNV007', N'Phạm Thị Mai', 'TD01', '1991-07-15'),
('MNV008', N'Lê Văn Duy', 'TD02', '1984-08-20'),
('MNV009', N'Nguyễn Thị Thanh', 'TD03', '1993-09-10'),
('MNV010', N'Trần Văn Bình', 'TD01', '1986-10-05'),
('MNV011', N'Phạm Văn Khải', 'TD02', '1989-11-25'),
('MNV012', N'Lê Thị Thắm', 'TD03', '1995-12-30'),
('MNV013', N'Nguyễn Văn Tài', 'TD01', '1982-01-22'),
('MNV014', N'Trần Thị Lan', 'TD02', '1994-02-18'),
('MNV015', N'Phạm Minh Đức', 'TD03', '1981-03-28'),
('MNV016', N'Lê Thị Ngọc', 'TD01', '1992-04-15'),
('MNV017', N'Nguyễn Văn Hải', 'TD02', '1987-05-12'),
('MNV018', N'Trần Thị Kim', 'TD03', '1990-06-20'),
('MNV019', N'Phạm Văn Sĩ', 'TD01', '1983-07-30'),
('MNV020', N'Lê Văn Thành', 'TD02', '1995-08-22'),
('MNV021', N'Nguyễn Thị Hồng', 'TD03', '1986-09-10'),
('MNV022', N'Trần Văn Cường', 'TD01', '1989-10-15'),
('MNV023', N'Phạm Thị Liên', 'TD02', '1994-11-05'),
('MNV024', N'Lê Văn Hưng', 'TD03', '1985-12-25'),
('MNV025', N'Nguyễn Văn Sơn', 'TD01', '1982-01-18'),
('MNV026', N'Trần Thị Băng', 'TD02', '1991-02-14'),
('MNV027', N'Phạm Minh Khoa', 'TD03', '1988-03-03'),
('MNV028', N'Lê Thị Như', 'TD01', '1990-04-21'),
('MNV029', N'Nguyễn Văn Long', 'TD02', '1984-05-12'),
('MNV030', N'Trần Thị Quỳnh', 'TD03', '1993-06-09'),
('MNV031', N'Phạm Văn Thái', 'TD01', '1987-07-27'),
('MNV032', N'Lê Văn Hoàng', 'TD02', '1992-08-18'),
('MNV033', N'Nguyễn Thị Mai', 'TD03', '1989-09-14'),
('MNV034', N'Trần Văn Tuyến', 'TD01', '1994-10-11'),
('MNV035', N'Phạm Thị Bảo', 'TD02', '1985-11-30'),
('MNV036', N'Lê Văn Lộc', 'TD03', '1991-12-22'),
('MNV037', N'Nguyễn Văn Phú', 'TD01', '1983-01-09'),
('MNV038', N'Trần Thị Duyên', 'TD02', '1990-02-17'),
('MNV039', N'Phạm Minh Châu', 'TD03', '1988-03-25'),
('MNV040', N'Lê Thị Hoa', 'TD01', '1992-04-20'),
('MNV041', N'Nguyễn Văn Nhân', 'TD02', '1986-05-30'),
('MNV042', N'Trần Thị Thúy', 'TD03', '1994-06-15'),
('MNV043', N'Phạm Văn Đạt', 'TD01', '1981-07-08'),
('MNV044', N'Lê Văn Quang', 'TD02', '1989-08-22'),
('MNV045', N'Nguyễn Thị Nguyệt', 'TD03', '1995-09-01'),
('MNV046', N'Trần Văn Định', 'TD01', '1984-10-25'),
('MNV047', N'Phạm Thị Cúc', 'TD02', '1990-11-18'),
('MNV048', N'Lê Văn Khánh', 'TD03', '1987-12-12'),
('MNV049', N'Nguyễn Văn Tình', 'TD01', '1993-01-30'),
('MNV050', N'Trần Thị Hiền', 'TD02', '1988-02-28');
go

--ALTER TABLE PHUTUNG
--ADD  TenPhuTung NVARCHAR(30);

INSERT INTO PHUTUNG(MaPhuTung, TenPhuTung, SoLuong, DonGiaNhap ,DonGiaBan) VALUES 
('MPT001', N'Lốp trước', 50, 200000, CAST(250000 AS MONEY)),
('MPT002', N'Lốp sau', 40, 200000, CAST(300000 AS MONEY)),
('MPT003', N'Bộ xích', 30, 300000, CAST(450000 AS MONEY)),
('MPT004', N'Dĩa thắng trước', 25, 100000,CAST(150000 AS MONEY)),
('MPT005', N'Dĩa thắng sau', 20, 100000, CAST(200000 AS MONEY)),
('MPT006', N'Nhông xích', 35, 300000, CAST(500000 AS MONEY)),
('MPT007', N'Bộ lọc nhớt', 60, 50000,  CAST(100000 AS MONEY)),
('MPT008', N'Bugi', 100, 10000, CAST(50000 AS MONEY)),
('MPT009', N'Bình ắc quy', 15, 400000, CAST(600000 AS MONEY)),
('MPT010', N'Phanh đĩa', 40, 100000, CAST(180000 AS MONEY)),
('MPT011', N'Xi lanh', 10, 500000, CAST(800000 AS MONEY)),
('MPT012', N'Bơm xăng', 20, 200000, CAST(250000 AS MONEY)),
('MPT013', N'Dây ga', 60, 100000, CAST(120000 AS MONEY)),
('MPT014', N'Dây côn', 70, 100000, CAST(150000 AS MONEY)),
('MPT015', N'Kính chiếu hậu',80,  10000, CAST(90000 AS MONEY)),
('MPT016', N'Yên xe', 50, 200000, CAST(350000 AS MONEY)),
('MPT017', N'Dè chắn bùn', 55, 50000, CAST(100000 AS MONEY)),
('MPT018', N'Bình xăng con', 25, 200000, CAST(300000 AS MONEY)),
('MPT019', N'Đèn pha', 40, 300000, CAST(400000 AS MONEY)),
('MPT020', N'Đèn xi nhan', 100, 50000, CAST(70000 AS MONEY)),
('MPT021', N'Lọc gió', 90, 100000, CAST(180000 AS MONEY)),
('MPT022', N'Đèn hậu', 40, 100000, CAST(150000 AS MONEY)),
('MPT023', N'Phuộc trước',20,600000,  CAST(700000 AS MONEY)),
('MPT024', N'Phuộc sau', 15, 700000, CAST(750000 AS MONEY)),
('MPT025', N'Dây điện', 120, 40000, CAST(50000 AS MONEY)),
('MPT026', N'Ổ khóa', 35, 200000, CAST(250000 AS MONEY)),
('MPT027', N'Tay thắng', 50, 50000, CAST(90000 AS MONEY)),
('MPT028', N'Tay côn', 60, 100000, CAST(120000 AS MONEY)),
('MPT029', N'Miếng đệm phanh', 70, 15000 ,CAST(30000 AS MONEY)),
('MPT030', N'Mâm xe', 30, 800000, CAST(1000000 AS MONEY)),
('MPT031', N'Đồng hồ tốc độ',15,300000,  CAST(450000 AS MONEY)),
('MPT032', N'Ống xả', 25, 300000, CAST(350000 AS MONEY)),
('MPT033', N'Tay lái', 45, 100000, CAST(200000 AS MONEY)),
('MPT034', N'Lò xo giảm xóc', 35, 200000, CAST(220000 AS MONEY)),
('MPT035', N'Giò đạp', 40, 50000, CAST(80000 AS MONEY)),
('MPT036', N'Bánh răng số', 30, 200000, CAST(300000 AS MONEY)),
('MPT037', N'Cần số', 25, 100000, CAST(180000 AS MONEY)),
('MPT038', N'Tay phanh', 60, 100000, CAST(110000 AS MONEY)),
('MPT039', N'Bộ khung sườn', 10, 100000, CAST(1500000 AS MONEY)),
('MPT040', N'Đĩa ly hợp', 20, 400000, CAST(600000 AS MONEY)),
('MPT041', N'Bạc đạn', 90,20000 , CAST(40000 AS MONEY)),
('MPT042', N'Chân chống xe', 55, 70000, CAST(90000 AS MONEY)),
('MPT043', N'Bộ giảm xóc', 25, 600000, CAST(700000 AS MONEY)),
('MPT044', N'Máng chắn bùn', 70,10000, CAST(150000 AS MONEY)),
('MPT045', N'Bộ đề', 20, 500000,CAST(600000 AS MONEY)),
('MPT046', N'Piston', 15, 400000, CAST(500000 AS MONEY)),
('MPT047', N'Chổi than', 60, 30000, CAST(50000 AS MONEY)),
('MPT048', N'Tay nắm', 80, 40000, CAST(60000 AS MONEY)),
('MPT049', N'Bình xăng lớn', 20, 700000, CAST(800000 AS MONEY)),
('MPT050', N'Đèn LED', 35, 200000, CAST(300000 AS MONEY)),
('MPT051', N'Đồng hồ đo xăng', 40, 200000, CAST(250000 AS MONEY)),
('MPT052', N'Vành xe', 30, 1000000, CAST(1200000 AS MONEY)),
('MPT053', N'Càng trước', 15, 900000, CAST(950000 AS MONEY)),
('MPT054', N'Càng sau', 20, 800000 , CAST(900000 AS MONEY)),
('MPT055', N'Bạc piston', 50, 100000, CAST(150000 AS MONEY)),
('MPT056', N'Động cơ', 10,4000000, CAST(5000000 AS MONEY)),
('MPT057', N'Két nước', 25, 1000000, CAST(1200000 AS MONEY)),
('MPT058', N'Má phanh trước', 70, 100000,  CAST(120000 AS MONEY)),
('MPT059', N'Má phanh sau', 60, 100000, CAST(130000 AS MONEY)),
('MPT060', N'Kính chắn gió', 20,200000, CAST(250000 AS MONEY)),
('MPT061', N'Chân chống điện', 40, 200000, CAST(300000 AS MONEY)),
('MPT062', N'Bộ ECU', 15, 3000000, CAST(4000000 AS MONEY)),
('MPT063', N'Còi xe', 80, 30000, CAST(50000 AS MONEY)),
('MPT064', N'Quạt làm mát', 35, 100000, CAST(200000 AS MONEY)),
('MPT065', N'Đĩa phanh trước', 25, 100000, CAST(180000 AS MONEY)),
('MPT066', N'Đĩa phanh sau', 30, 100000 , CAST(200000 AS MONEY)),
('MPT067', N'Giảm sóc trước', 20,550000, CAST(650000 AS MONEY)),
('MPT068', N'Giảm sóc sau', 15, 600000,CAST(700000 AS MONEY)),
('MPT069', N'Bánh trước', 30,300000, CAST(500000 AS MONEY)),
('MPT070', N'Bánh sau', 25, 350000, CAST(550000 AS MONEY)),
('MPT071', N'Lọc dầu', 50,100000, CAST(120000 AS MONEY)),
('MPT072', N'Dây ga kép', 40,100000, CAST(150000 AS MONEY)),
('MPT073', N'Bugi cao cấp', 60,50000 , CAST(80000 AS MONEY)),
('MPT074', N'Phao xăng', 30, 100000, CAST(180000 AS MONEY)),
('MPT075', N'Bộ làm mát dầu', 10, 100000, CAST(1300000 AS MONEY)),
('MPT076', N'Khóa đĩa', 50, 70000, CAST(90000 AS MONEY)),
('MPT077', N'Khóa cổ', 60, 80000, CAST(110000 AS MONEY)),
('MPT078', N'Lốp Michelin', 30, 450000, CAST(600000 AS MONEY)),
('MPT079', N'Lốp Bridgestone', 25, 340000, CAST(550000 AS MONEY)),
('MPT080', N'Lốp Dunlop', 20, 450000, CAST(500000 AS MONEY)),
('MPT081', N'Vành xe hợp kim', 15, 120000, CAST(2000000 AS MONEY)),
('MPT082', N'Bơm phanh', 30, 210000, CAST(350000 AS MONEY)),
('MPT083', N'Dây phanh', 60, 100000,CAST(120000 AS MONEY)),
('MPT084', N'Dây côn thép', 50, 100000,CAST(150000 AS MONEY)),
('MPT085', N'Tay nắm cao su', 70, 60000,CAST(90000 AS MONEY)),
('MPT086', N'Bộ chuyển động', 20, 700000,CAST(1000000 AS MONEY)),
('MPT087', N'Bộ đánh lửa', 15, 340000,  CAST(500000 AS MONEY)),
('MPT088', N'Phuộc nhún', 30, 600000,CAST(750000 AS MONEY)),
('MPT089', N'Chén cổ', 40, 80000, CAST(100000 AS MONEY)),
('MPT090', N'Bọc yên', 60, 100000, CAST(200000 AS MONEY)),
('MPT091', N'Bạc đạn bánh xe', 50, 100000,CAST(120000 AS MONEY)),
('MPT092', N'Tay phanh trước', 25, 40000,CAST(70000 AS MONEY)),
('MPT093', N'Tay phanh sau', 30, 60000,CAST(75000 AS MONEY)),
('MPT094', N'Dây dẫn dầu', 40, 100000,CAST(150000 AS MONEY)),
('MPT095', N'Gác chân', 50, 50000,CAST(80000 AS MONEY)),
('MPT096', N'Miếng đệm côn', 20,80000, CAST(120000 AS MONEY)),
('MPT097', N'Tay lái trợ lực', 15, 500000, CAST(1000000 AS MONEY)),
('MPT098', N'Cảm biến nhiệt', 10,200000, CAST(350000 AS MONEY)),
('MPT099', N'Bộ đo áp suất lốp', 30,60000, CAST(900000 AS MONEY)),
('MPT100', N'Tay phanh chống trượt', 40, 100000, CAST(150000 AS MONEY));
go
INSERT INTO HOADONNHAPPHUTUNG(MaHDN,NgayNhap,MaNhanVien,TongTien) VALUES 
('HDN001', '2024-09-01', 'MNV001', NULL),
('HDN002', '2024-09-02', 'MNV002', NULL),
('HDN003', '2024-09-03', 'MNV003', NULL),
('HDN004', '2024-09-04', 'MNV004', NULL),
('HDN005', '2024-09-05', 'MNV005', NULL),
('HDN006', '2024-09-06', 'MNV006', NULL),
('HDN007', '2024-09-07', 'MNV007', NULL),
('HDN008', '2024-09-08', 'MNV008', NULL),
('HDN009', '2024-09-09', 'MNV009', NULL),
('HDN010', '2024-09-10', 'MNV010', NULL),
('HDN011', '2024-09-11', 'MNV011', NULL),
('HDN012', '2024-09-12', 'MNV012', NULL),
('HDN013', '2024-09-13', 'MNV013', NULL),
('HDN014', '2024-09-14', 'MNV014', NULL),
('HDN015', '2024-09-15', 'MNV015', NULL),
('HDN016', '2024-09-16', 'MNV016', NULL),
('HDN017', '2024-09-17', 'MNV017', NULL),
('HDN018', '2024-09-18', 'MNV018', NULL),
('HDN019', '2024-09-19', 'MNV019', NULL),
('HDN020', '2024-09-20', 'MNV020', NULL),
('HDN021', '2024-09-21', 'MNV021', NULL),
('HDN022', '2024-09-22', 'MNV022', NULL),
('HDN023', '2024-09-23', 'MNV023', NULL),
('HDN024', '2024-09-24', 'MNV024', NULL),
('HDN025', '2024-09-25', 'MNV025', NULL),
('HDN026', '2024-09-26', 'MNV026', NULL),
('HDN027', '2024-09-27', 'MNV027', NULL),
('HDN028', '2024-09-28', 'MNV028', NULL),
('HDN029', '2024-09-29', 'MNV029', NULL),
('HDN030', '2024-09-30', 'MNV030', NULL),
('HDN031', '2024-10-01', 'MNV031', NULL),
('HDN032', '2024-10-02', 'MNV032', NULL),
('HDN033', '2024-10-03', 'MNV033', NULL),
('HDN034', '2024-10-04', 'MNV034', NULL),
('HDN035', '2024-10-05', 'MNV035', NULL),
('HDN036', '2024-10-06', 'MNV036', NULL),
('HDN037', '2024-10-07', 'MNV037', NULL),
('HDN038', '2024-10-08', 'MNV038', NULL),
('HDN039', '2024-10-09', 'MNV039', NULL),
('HDN040', '2024-10-10', 'MNV040', NULL),
('HDN041', '2024-10-11', 'MNV041', NULL),
('HDN042', '2024-10-12', 'MNV042', NULL),
('HDN043', '2024-10-13', 'MNV043', NULL),
('HDN044', '2024-10-14', 'MNV044', NULL),
('HDN045', '2024-10-15', 'MNV045', NULL),
('HDN046', '2024-10-16', 'MNV046', NULL),
('HDN047', '2024-10-17', 'MNV047', NULL),
('HDN048', '2024-10-18', 'MNV048', NULL),
('HDN049', '2024-10-19', 'MNV049', NULL),
('HDN050', '2024-10-20', 'MNV050', NULL),
('HDN051', '2024-10-21', 'MNV001', NULL),
('HDN052', '2024-10-22', 'MNV002', NULL),
('HDN053', '2024-10-23', 'MNV003', NULL),
('HDN054', '2024-10-24', 'MNV004', NULL),
('HDN055', '2024-10-25', 'MNV005', NULL),
('HDN056', '2024-10-26', 'MNV006', NULL),
('HDN057', '2024-10-27', 'MNV007', NULL),
('HDN058', '2024-10-28', 'MNV008', NULL),
('HDN059', '2024-10-29', 'MNV009', NULL),
('HDN060', '2024-10-30', 'MNV010', NULL),
('HDN061', '2024-10-31', 'MNV011', NULL),
('HDN062', '2024-11-01', 'MNV012', NULL),
('HDN063', '2024-11-02', 'MNV013', NULL),
('HDN064', '2024-11-03', 'MNV014', NULL),
('HDN065', '2024-11-04', 'MNV015', NULL),
('HDN066', '2024-11-05', 'MNV016', NULL),
('HDN067', '2024-11-06', 'MNV017', NULL),
('HDN068', '2024-11-07', 'MNV018', NULL),
('HDN069', '2024-11-08', 'MNV019', NULL),
('HDN070', '2024-11-09', 'MNV020', NULL),
('HDN071', '2024-11-10', 'MNV021', NULL),
('HDN072', '2024-11-11', 'MNV022', NULL),
('HDN073', '2024-11-12', 'MNV023', NULL),
('HDN074', '2024-11-13', 'MNV024', NULL),
('HDN075', '2024-11-14', 'MNV025', NULL),
('HDN076', '2024-11-15', 'MNV026', NULL),
('HDN077', '2024-11-16', 'MNV027', NULL),
('HDN078', '2024-11-17', 'MNV028', NULL),
('HDN079', '2024-11-18', 'MNV029', NULL),
('HDN080', '2024-11-19', 'MNV030', NULL),
('HDN081', '2024-11-20', 'MNV031', NULL),
('HDN082', '2024-11-21', 'MNV032', NULL),
('HDN083', '2024-11-22', 'MNV033', NULL),
('HDN084', '2024-11-23', 'MNV034', NULL),
('HDN085', '2024-11-24', 'MNV035', NULL),
('HDN086', '2024-11-25', 'MNV036', NULL),
('HDN087', '2024-11-26', 'MNV037', NULL),
('HDN088', '2024-11-27', 'MNV038', NULL),
('HDN089', '2024-11-28', 'MNV039', NULL),
('HDN090', '2024-11-29', 'MNV040', NULL),
('HDN091', '2024-11-30', 'MNV041', NULL),
('HDN092', '2024-12-01', 'MNV042', NULL),
('HDN093', '2024-12-02', 'MNV043', NULL),
('HDN094', '2024-12-03', 'MNV044', NULL),
('HDN095', '2024-12-04', 'MNV045', NULL),
('HDN096', '2024-12-05', 'MNV046', NULL),
('HDN097', '2024-12-06', 'MNV047', NULL),
('HDN098', '2024-12-07', 'MNV048', NULL),
('HDN099', '2024-12-08', 'MNV049', NULL),
('HDN100', '2024-12-09', 'MNV050', NULL);
go
INSERT INTO CHITIETHDN(MaHDN,MaPhuTung,SoLuongNhap) VALUES
('HDN001', 'MPT001', 7),
('HDN002', 'MPT002', 12),
('HDN003', 'MPT003', 9),
('HDN004', 'MPT004', 10),
('HDN005', 'MPT005', 11),
('HDN006', 'MPT006', 8),
('HDN007', 'MPT007', 6),
('HDN008', 'MPT008', 14),
('HDN009', 'MPT009', 9),
('HDN010', 'MPT010', 13),
('HDN011', 'MPT011', 5),
('HDN012', 'MPT012', 7),
('HDN013', 'MPT013', 12),
('HDN014', 'MPT014', 6),
('HDN015', 'MPT015', 15),
('HDN016', 'MPT016', 8),
('HDN017', 'MPT017', 10),
('HDN018', 'MPT018', 9),
('HDN019', 'MPT019', 11),
('HDN020', 'MPT020', 7),
('HDN021', 'MPT021', 6),
('HDN022', 'MPT022', 13),
('HDN023', 'MPT023', 10),
('HDN024', 'MPT024', 12),
('HDN025', 'MPT025', 5),
('HDN026', 'MPT026', 9),
('HDN027', 'MPT027', 11),
('HDN028', 'MPT028', 8),
('HDN029', 'MPT029', 6),
('HDN030', 'MPT030', 14),
('HDN031', 'MPT031', 12),
('HDN032', 'MPT032', 7),
('HDN033', 'MPT033', 10),
('HDN034', 'MPT034', 8),
('HDN035', 'MPT035', 6),
('HDN036', 'MPT036', 9),
('HDN037', 'MPT037', 11),
('HDN038', 'MPT038', 13),
('HDN039', 'MPT039', 7),
('HDN040', 'MPT040', 5),
('HDN041', 'MPT041', 15),
('HDN042', 'MPT042', 8),
('HDN043', 'MPT043', 10),
('HDN044', 'MPT044', 12),
('HDN045', 'MPT045', 9),
('HDN046', 'MPT046', 7),
('HDN047', 'MPT047', 6),
('HDN048', 'MPT048', 13),
('HDN049', 'MPT049', 14),
('HDN050', 'MPT050', 9),
('HDN051', 'MPT051', 8),
('HDN052', 'MPT052', 10),
('HDN053', 'MPT053', 5),
('HDN054', 'MPT054', 7),
('HDN055', 'MPT055', 11),
('HDN056', 'MPT056', 6),
('HDN057', 'MPT057', 15),
('HDN058', 'MPT058', 8),
('HDN059', 'MPT059', 12),
('HDN060', 'MPT060', 9),
('HDN061', 'MPT061', 5),
('HDN062', 'MPT062', 10),
('HDN063', 'MPT063', 7),
('HDN064', 'MPT064', 14),
('HDN065', 'MPT065', 6),
('HDN066', 'MPT066', 8),
('HDN067', 'MPT067', 13),
('HDN068', 'MPT068', 7),
('HDN069', 'MPT069', 11),
('HDN070', 'MPT070', 9),
('HDN071', 'MPT071', 12),
('HDN072', 'MPT072', 5),
('HDN073', 'MPT001', 6),
('HDN074', 'MPT002', 9),
('HDN075', 'MPT003', 11),
('HDN076', 'MPT004', 13),
('HDN077', 'MPT005', 7),
('HDN078', 'MPT006', 8),
('HDN079', 'MPT007', 12),
('HDN080', 'MPT008', 10),
('HDN081', 'MPT009', 5),
('HDN082', 'MPT010', 7),
('HDN083', 'MPT011', 14),
('HDN084', 'MPT012', 9),
('HDN085', 'MPT013', 6),
('HDN086', 'MPT014', 9),
('HDN087', 'MPT015', 12),
('HDN088', 'MPT016', 7),
('HDN089', 'MPT017', 11),
('HDN090', 'MPT018', 8),
('HDN091', 'MPT019', 6),
('HDN092', 'MPT020', 10),
('HDN093', 'MPT021', 14),
('HDN094', 'MPT022', 12),
('HDN095', 'MPT023', 5),
('HDN096', 'MPT024', 11),
('HDN097', 'MPT025', 7),
('HDN098', 'MPT026', 9),
('HDN099', 'MPT027', 10),
('HDN100', 'MPT028', 8),
('HDN001', 'MPT029', 12),
('HDN002', 'MPT030', 9),
('HDN003', 'MPT031', 7),
('HDN004', 'MPT032', 6),
('HDN005', 'MPT033', 10),
('HDN006', 'MPT034', 8),
('HDN007', 'MPT035', 15),
('HDN008', 'MPT036', 11),
('HDN009', 'MPT037', 12),
('HDN010', 'MPT038', 6),
('HDN011', 'MPT039', 9),
('HDN012', 'MPT040', 10),
('HDN013', 'MPT041', 13),
('HDN014', 'MPT042', 5),
('HDN015', 'MPT043', 8),
('HDN016', 'MPT044', 7),
('HDN017', 'MPT045', 12),
('HDN018', 'MPT046', 6),
('HDN019', 'MPT047', 10),
('HDN020', 'MPT048', 9),
('HDN021', 'MPT049', 14),
('HDN022', 'MPT050', 12),
('HDN023', 'MPT051', 5),
('HDN024', 'MPT052', 8),
('HDN025', 'MPT053', 7),
('HDN026', 'MPT054', 10),
('HDN027', 'MPT055', 12),
('HDN028', 'MPT056', 9),
('HDN029', 'MPT057', 6),
('HDN030', 'MPT058', 11),
('HDN031', 'MPT059', 8),
('HDN032', 'MPT060', 10),
('HDN033', 'MPT061', 5),
('HDN034', 'MPT062', 12),
('HDN035', 'MPT063', 14),
('HDN036', 'MPT064', 9),
('HDN037', 'MPT065', 11),
('HDN038', 'MPT066', 8),
('HDN039', 'MPT067', 10),
('HDN040', 'MPT068', 7),
('HDN041', 'MPT069', 12),
('HDN042', 'MPT070', 6),
('HDN043', 'MPT071', 10),
('HDN044', 'MPT072', 5),
('HDN045', 'MPT001', 9),
('HDN046', 'MPT002', 13),
('HDN047', 'MPT003', 8),
('HDN048', 'MPT004', 11),
('HDN049', 'MPT005', 10),
('HDN050', 'MPT006', 6),
('HDN051', 'MPT007', 9),
('HDN052', 'MPT008', 12),
('HDN053', 'MPT009', 7),
('HDN054', 'MPT010', 15),
('HDN055', 'MPT011', 9),
('HDN056', 'MPT012', 12),
('HDN057', 'MPT013', 8),
('HDN058', 'MPT014', 10),
('HDN059', 'MPT015', 5),
('HDN060', 'MPT016', 11),
('HDN061', 'MPT017', 6),
('HDN062', 'MPT018', 9),
('HDN063', 'MPT019', 8),
('HDN064', 'MPT020', 12),
('HDN065', 'MPT021', 7),
('HDN066', 'MPT022', 11),
('HDN067', 'MPT023', 10),
('HDN068', 'MPT024', 6),
('HDN069', 'MPT025', 9),
('HDN070', 'MPT026', 8),
('HDN071', 'MPT027', 12),
('HDN072', 'MPT028', 5),
('HDN073', 'MPT029', 9),
('HDN074', 'MPT030', 14),
('HDN075', 'MPT031', 11),
('HDN076', 'MPT032', 10),
('HDN077', 'MPT033', 6),
('HDN078', 'MPT034', 8),
('HDN079', 'MPT035', 12),
('HDN080', 'MPT036', 9),
('HDN081', 'MPT037', 14),
('HDN082', 'MPT038', 10),
('HDN083', 'MPT039', 5),
('HDN084', 'MPT040', 11),
('HDN085', 'MPT041', 8),
('HDN086', 'MPT042', 12),
('HDN087', 'MPT043', 6),
('HDN088', 'MPT044', 9),
('HDN089', 'MPT045', 10),
('HDN090', 'MPT046', 11),
('HDN091', 'MPT047', 5),
('HDN092', 'MPT048', 8),
('HDN093', 'MPT049', 7),
('HDN094', 'MPT050', 10),
('HDN095', 'MPT051', 9),
('HDN096', 'MPT052', 6),
('HDN097', 'MPT053', 12),
('HDN098', 'MPT054', 8),
('HDN099', 'MPT055', 10),
('HDN100', 'MPT056', 11);
go


insert into XEMAY (MaXe,TenXe,LoaiXe,SoKhung,SoMay,BienSo,MaMau) values
('MX001', N'Yamaha Sirius', N'Xe số', 'SK001', 'SM001', '29A-00101', 'RED'),
('MX002', N'Honda Wave Alpha', N'Xe số', 'SK002', 'SM002', '29A-00102', 'BLUE'),
('MX003', N'Honda Air Blade', N'Xe ga', 'SK003', 'SM003', '29A-00103', 'BLACK'),
('MX004', N'Honda Lead', N'Xe ga', 'SK004', 'SM004', '29A-00104', 'WHITE'),
('MX005', N'Suzuki Raider', N'Xe số', 'SK005', 'SM005', '29A-00105', 'YELLOW'),
('MX006', N'Yamaha Exciter', N'Xe số', 'SK006', 'SM006', '29A-00106', 'RED'),
('MX007', N'Honda SH Mode', N'Xe ga', 'SK007', 'SM007', '29A-00107', 'BLACK'),
('MX008', N'Honda Vision', N'Xe ga', 'SK008', 'SM008', '29A-00108', 'WHITE'),
('MX009', N'Yamaha Grande', N'Xe ga', 'SK009', 'SM009', '29A-00109', 'BLUE'),
('MX010', N'Suzuki Address', N'Xe ga', 'SK010', 'SM010', '29A-00110', 'RED'),
('MX011', N'Honda PCX', N'Xe ga', 'SK011', 'SM011', '29A-00111', 'BLACK'),
('MX012', N'Honda Winner X', N'Xe số', 'SK012', 'SM012', '29A-00112', 'YELLOW'),
('MX013', N'Yamaha Janus', N'Xe ga', 'SK013', 'SM013', '29A-00113', 'WHITE'),
('MX014', N'Sym Elegant', N'Xe số', 'SK014', 'SM014', '29A-00114', 'BLUE'),
('MX015', N'Honda Future', N'Xe số', 'SK015', 'SM015', '29A-00115', 'RED'),
('MX016', N'Sym Galaxy', N'Xe số', 'SK016', 'SM016', '29A-00116', 'BLACK'),
('MX017', N'Yamaha FreeGo', N'Xe ga', 'SK017', 'SM017', '29A-00117', 'WHITE'),
('MX018', N'Honda MSX', N'Xe số', 'SK018', 'SM018', '29A-00118', 'BLUE'),
('MX019', N'Honda CBR150R', N'Xe số', 'SK019', 'SM019', '29A-00119', 'RED'),
('MX020', N'Suzuki GSX', N'Xe số', 'SK020', 'SM020', '29A-00120', 'BLACK'),
('MX021', N'Honda Click', N'Xe ga', 'SK021', 'SM021', '29A-00121', 'WHITE'),
('MX022', N'Yamaha Latte', N'Xe ga', 'SK022', 'SM022', '29A-00122', 'YELLOW'),
('MX023', N'Honda Vario', N'Xe ga', 'SK023', 'SM023', '29A-00123', 'BLACK'),
('MX024', N'Honda Dio', N'Xe ga', 'SK024', 'SM024', '29A-00124', 'BLUE'),
('MX025', N'Suzuki Impulse', N'Xe ga', 'SK025', 'SM025', '29A-00125', 'RED'),
('MX026', N'Honda Wave RSX', N'Xe số', 'SK026', 'SM026', '29A-00126', 'WHITE'),
('MX027', N'Yamaha R15', N'Xe số', 'SK027', 'SM027', '29A-00127', 'YELLOW'),
('MX028', N'Honda Monkey', N'Xe số', 'SK028', 'SM028', '29A-00128', 'BLUE'),
('MX029', N'Honda Super Cub', N'Xe số', 'SK029', 'SM029', '29A-00129', 'BLACK'),
('MX030', N'Yamaha FZ150i', N'Xe số', 'SK030', 'SM030', '29A-00130', 'RED'),
('MX031', N'Honda CRF150L', N'Xe số', 'SK031', 'SM031', '29A-00131', 'WHITE'),
('MX032', N'Honda Dream', N'Xe số', 'SK032', 'SM032', '29A-00132', 'BLUE'),
('MX033', N'Honda Blade', N'Xe số', 'SK033', 'SM033', '29A-00133', 'YELLOW'),
('MX034', N'Yamaha MT-03', N'Xe số', 'SK034', 'SM034', '29A-00134', 'BLACK'),
('MX035', N'Honda XR150L', N'Xe số', 'SK035', 'SM035', '29A-00135', 'RED'),
('MX036', N'Honda Click Thái', N'Xe ga', 'SK036', 'SM036', '29A-00136', 'WHITE'),
('MX037', N'Sym Attila', N'Xe ga', 'SK037', 'SM037', '29A-00137', 'BLUE'),
('MX038', N'Honda Forza', N'Xe ga', 'SK038', 'SM038', '29A-00138', 'BLACK'),
('MX039', N'Honda X-ADV', N'Xe ga', 'SK039', 'SM039', '29A-00139', 'RED'),
('MX040', N'Yamaha NVX', N'Xe ga', 'SK040', 'SM040', '29A-00140', 'YELLOW'),
('MX041', N'Honda SH150i', N'Xe ga', 'SK041', 'SM041', '29A-00141', 'WHITE'),
('MX042', N'Honda Click 125i', N'Xe ga', 'SK042', 'SM042', '29A-00142', 'BLACK'),
('MX043', N'Honda Rebel 300', N'Xe số', 'SK043', 'SM043', '29A-00143', 'BLUE'),
('MX044', N'Yamaha R3', N'Xe số', 'SK044', 'SM044', '29A-00144', 'RED'),
('MX045', N'Honda Super Cub 125', N'Xe số', 'SK045', 'SM045', '29A-00145', 'WHITE'),
('MX046', N'Sym Shark', N'Xe ga', 'SK046', 'SM046', '29A-00146', 'YELLOW'),
('MX047', N'Honda ADV 150', N'Xe ga', 'SK047', 'SM047', '29A-00147', 'BLACK'),
('MX048', N'Yamaha Tricity', N'Xe ga', 'SK048', 'SM048', '29A-00148', 'BLUE'),
('MX049', N'Honda CBR250RR', N'Xe số', 'SK049', 'SM049', '29A-00149', 'RED'),
('MX050', N'Yamaha TFX150', N'Xe số', 'SK050', 'SM050', '29A-00150', 'WHITE'),
-- Tiếp tục tạo thêm 50 dòng dữ liệu khác
('MX051', N'Honda CB500X', N'Xe số', 'SK051', 'SM051', '29A-00151', 'BLACK'),
('MX052', N'Yamaha Niken', N'Xe ga', 'SK052', 'SM052', '29A-00152', 'BLUE'),
('MX053', N'Honda CB650R', N'Xe số', 'SK053', 'SM053', '29A-00153', 'YELLOW'),
('MX054', N'Honda VFR1200', N'Xe số', 'SK054', 'SM054', '29A-00154', 'RED'),
('MX055', N'Honda X-ADV 750', N'Xe ga', 'SK055', 'SM055', '29A-00155', 'WHITE'),
('MX056', N'Yamaha Bolt', N'Xe số', 'SK056', 'SM056', '29A-00156', 'BLACK'),
('MX057', N'Honda CTX700', N'Xe số', 'SK057', 'SM057', '29A-00157', 'BLUE'),
('MX058', N'Suzuki Burgman', N'Xe ga', 'SK058', 'SM058', '29A-00158', 'RED'),
('MX059', N'Honda NC750X', N'Xe số', 'SK059', 'SM059', '29A-00159', 'WHITE'),
('MX060', N'Yamaha XMAX 300', N'Xe ga', 'SK060', 'SM060', '29A-00160', 'BLACK'),
('MX061', N'Honda Gold Wing', N'Xe ga', 'SK061', 'SM061', '29A-00161', 'YELLOW'),
('MX062', N'Yamaha Tenere 700', N'Xe số', 'SK062', 'SM062', '29A-00162', 'BLUE'),
('MX063', N'Honda Rebel 500', N'Xe số', 'SK063', 'SM063', '29A-00163', 'RED'),
('MX064', N'Sym Fiddle', N'Xe ga', 'SK064', 'SM064', '29A-00164', 'WHITE'),
('MX065', N'Honda NT1100', N'Xe số', 'SK065', 'SM065', '29A-00165', 'BLACK'),
('MX066', N'Yamaha MT-09', N'Xe số', 'SK066', 'SM066', '29A-00166', 'YELLOW'),
('MX067', N'Honda CBR1000RR', N'Xe số', 'SK067', 'SM067', '29A-00167', 'RED'),
('MX068', N'Honda Forza 750', N'Xe ga', 'SK068', 'SM068', '29A-00168', 'WHITE'),
('MX069', N'Yamaha FJR1300', N'Xe số', 'SK069', 'SM069', '29A-00169', 'BLUE'),
('MX070', N'Honda CB1000R', N'Xe số', 'SK070', 'SM070', '29A-00170', 'BLACK'),
('MX071', N'Honda Fireblade', N'Xe số', 'SK071', 'SM071', '29A-00171', 'YELLOW'),
('MX072', N'Honda CT125', N'Xe số', 'SK072', 'SM072', '29A-00172', 'RED'),
('MX073', N'Suzuki Intruder', N'Xe số', 'SK073', 'SM073', '29A-00173', 'WHITE'),
('MX074', N'Honda CB500F', N'Xe số', 'SK074', 'SM074', '29A-00174', 'BLACK'),
('MX075', N'Yamaha YZF-R125', N'Xe số', 'SK075', 'SM075', '29A-00175', 'BLUE'),
('MX076', N'Honda X-Blade', N'Xe số', 'SK076', 'SM076', '29A-00176', 'RED'),
('MX077', N'Yamaha Vino', N'Xe ga', 'SK077', 'SM077', '29A-00177', 'YELLOW'),
('MX078', N'Honda Scoopy', N'Xe ga', 'SK078', 'SM078', '29A-00178', 'WHITE'),
('MX079', N'Sym Orbit', N'Xe ga', 'SK079', 'SM079', '29A-00179', 'BLACK'),
('MX080', N'Honda CB300R', N'Xe số', 'SK080', 'SM080', '29A-00180', 'BLUE'),
('MX081', N'Honda PCX160', N'Xe ga', 'SK081', 'SM081', '29A-00181', 'RED'),
('MX082', N'Yamaha XTZ 125', N'Xe số', 'SK082', 'SM082', '29A-00182', 'YELLOW'),
('MX083', N'Honda Cross Cub', N'Xe số', 'SK083', 'SM083', '29A-00183', 'WHITE'),
('MX084', N'Yamaha Tracer 9', N'Xe số', 'SK084', 'SM084', '29A-00184', 'BLACK'),
('MX085', N'Honda Forza 300', N'Xe ga', 'SK085', 'SM085', '29A-00185', 'BLUE'),
('MX086', N'Yamaha X-Max 400', N'Xe ga', 'SK086', 'SM086', '29A-00186', 'RED'),
('MX087', N'Sym Maxsym 600i', N'Xe ga', 'SK087', 'SM087', '29A-00187', 'WHITE'),
('MX088', N'Honda CB300F', N'Xe số', 'SK088', 'SM088', '29A-00188', 'BLACK'),
('MX089', N'Yamaha Aerox', N'Xe ga', 'SK089', 'SM089', '29A-00189', 'BLUE'),
('MX090', N'Honda CRF250L', N'Xe số', 'SK090', 'SM090', '29A-00190', 'RED'),
('MX091', N'Suzuki DR200S', N'Xe số', 'SK091', 'SM091', '29A-00191', 'WHITE'),
('MX092', N'Honda Rebel 1100', N'Xe số', 'SK092', 'SM092', '29A-00192', 'BLACK'),
('MX093', N'Yamaha SR400', N'Xe số', 'SK093', 'SM093', '29A-00193', 'YELLOW'),
('MX094', N'Honda XRE300', N'Xe số', 'SK094', 'SM094', '29A-00194', 'BLUE'),
('MX095', N'Yamaha TMAX', N'Xe ga', 'SK095', 'SM095', '29A-00195', 'RED'),
('MX096', N'Honda Africa Twin', N'Xe số', 'SK096', 'SM096', '29A-00196', 'WHITE'),
('MX097', N'Honda CB650F', N'Xe số', 'SK097', 'SM097', '29A-00197', 'BLACK'),
('MX098', N'Yamaha XJ6', N'Xe số', 'SK098', 'SM098', '29A-00198', 'BLUE'),
('MX099', N'Honda XR250', N'Xe số', 'SK099', 'SM099', '29A-00199', 'RED'),
('MX100', N'Honda VFR800', N'Xe số', 'SK100', 'SM100', '29A-00200', 'WHITE');
insert into YEUCAUSUACHUA(MaSuaChua,MaXe,MaKhachHang,NgaySua,NguyenNhan) values
('MSC001', 'MX001', 'MK001', '2023-01-01', N'Hư hệ thống phanh'),
('MSC002', 'MX002', 'MK002', '2023-01-02', N'Hư động cơ'),
('MSC003', 'MX003', 'MK003', '2023-01-03', N'Hư hệ thống đèn pha'),
('MSC004', 'MX004', 'MK004', '2023-01-04', N'Hư hệ thống xích'),
('MSC005', 'MX005', 'MK005', '2023-01-05', N'Hư bộ giảm xóc'),
('MSC006', 'MX006', 'MK006', '2023-01-06', N'Rò rỉ dầu'),
('MSC007', 'MX007', 'MK007', '2023-01-07', N'Hư hệ thống làm mát'),
('MSC008', 'MX008', 'MK008', '2023-01-08', N'Hư hộp số'),
('MSC009', 'MX009', 'MK009', '2023-01-09', N'Hư hệ thống điện'),
('MSC010', 'MX010', 'MK010', '2023-01-10', N'Lốp xe bị mòn'),
('MSC011', 'MX011', 'MK011', '2023-01-11', N'Bể đèn hậu'),
('MSC012', 'MX012', 'MK012', '2023-01-12', N'Hư bình ắc quy'),
('MSC013', 'MX013', 'MK013', '2023-01-13', N'Hư ống xả'),
('MSC014', 'MX014', 'MK014', '2023-01-14', N'Xe không khởi động được'),
('MSC015', 'MX015', 'MK015', '2023-01-15', N'Lốp xe bị thủng'),
('MSC016', 'MX016', 'MK016', '2023-01-16', N'Hệ thống phanh bị bó cứng'),
('MSC017', 'MX017', 'MK017', '2023-01-17', N'Hư hệ thống lái'),
('MSC018', 'MX018', 'MK018', '2023-01-18', N'Xe bị quá nhiệt'),
('MSC019', 'MX019', 'MK019', '2023-01-19', N'Hư ống dẫn nhiên liệu'),
('MSC020', 'MX020', 'MK020', '2023-01-20', N'Động cơ bị quá tải'),
('MSC021', 'MX021', 'MK021', '2023-01-21', N'Hư cảm biến tốc độ'),
('MSC022', 'MX022', 'MK022', '2023-01-22', N'Xe bị lật đổ'),
('MSC023', 'MX023', 'MK023', '2023-01-23', N'Hư hệ thống đèn báo'),
('MSC024', 'MX024', 'MK024', '2023-01-24', N'Hệ thống phanh bị mòn'),
('MSC025', 'MX025', 'MK025', '2023-01-25', N'Hư bộ truyền động'),
('MSC026', 'MX026', 'MK026', '2023-01-26', N'Xe bị rung lắc khi chạy'),
('MSC027', 'MX027', 'MK027', '2023-01-27', N'Hư lốp trước'),
('MSC028', 'MX028', 'MK028', '2023-01-28', N'Hư hệ thống treo'),
('MSC029', 'MX029', 'MK029', '2023-01-29', N'Bộ ly hợp bị kẹt'),
('MSC031', 'MX031', 'MK031', '2023-01-31', N'Hư hộp số'),
('MSC032', 'MX032', 'MK032', '2023-02-01', N'Hư đèn xi nhan'),
('MSC033', 'MX033', 'MK033', '2023-02-02', N'Hệ thống thắng tay bị hỏng'),
('MSC034', 'MX034', 'MK034', '2023-02-03', N'Lỗi hệ thống làm mát'),
('MSC035', 'MX035', 'MK035', '2023-02-04', N'Vành xe bị méo'),
('MSC036', 'MX036', 'MK036', '2023-02-05', N'Hệ thống đèn chiếu sáng hư'),
('MSC037', 'MX037', 'MK037', '2023-02-06', N'Hư lọc gió'),
('MSC038', 'MX038', 'MK038', '2023-02-07', N'Vỡ kính chắn gió'),
('MSC039', 'MX039', 'MK039', '2023-02-08', N'Hư dây curoa'),
('MSC040', 'MX040', 'MK040', '2023-02-09', N'Hư khóa xe'),
('MSC041', 'MX041', 'MK041', '2023-02-10', N'Hệ thống lái gặp vấn đề'),
('MSC042', 'MX042', 'MK042', '2023-02-11', N'Hệ thống phanh bị bó'),
('MSC043', 'MX043', 'MK043', '2023-02-12', N'Động cơ không khởi động được'),
('MSC044', 'MX044', 'MK044', '2023-02-13', N'Lốp xe bị xẹp'),
('MSC045', 'MX045', 'MK045', '2023-02-14', N'Hư ống xả'),
('MSC046', 'MX046', 'MK046', '2023-02-15', N'Rò rỉ nhiên liệu'),
('MSC047', 'MX047', 'MK047', '2023-02-16', N'Hư hệ thống đánh lửa'),
('MSC048', 'MX048', 'MK048', '2023-02-17', N'Hệ thống truyền động gặp sự cố'),
('MSC049', 'MX049', 'MK049', '2023-02-18', N'Hư bộ giảm xóc'),
('MSC050', 'MX050', 'MK050', '2023-02-19', N'Lỗi hệ thống phun xăng'),
('MSC051', 'MX051', 'MK051', '2023-02-20', N'Xe bị rung khi chạy'),
('MSC052', 'MX052', 'MK052', '2023-02-21', N'Hệ thống làm mát không hoạt động'),
('MSC053', 'MX053', 'MK053', '2023-02-22', N'Bình ắc quy hết điện'),
('MSC054', 'MX054', 'MK054', '2023-02-23', N'Hư bộ truyền động'),
('MSC055', 'MX055', 'MK055', '2023-02-24', N'Hư hệ thống điện'),
('MSC056', 'MX056', 'MK056', '2023-02-25', N'Lỗi hộp số'),
('MSC057', 'MX057', 'MK057', '2023-02-26', N'Hệ thống đèn báo hư'),
('MSC058', 'MX058', 'MK058', '2023-02-27', N'Lốp xe bị hỏng'),
('MSC059', 'MX059', 'MK059', '2023-02-28', N'Rò rỉ dầu động cơ'),
('MSC060', 'MX060', 'MK060', '2023-03-01', N'Xe bị quá nhiệt'),
('MSC061', 'MX061', 'MK061', '2023-03-02', N'Hư hệ thống phanh tay'),
('MSC062', 'MX062', 'MK062', '2023-03-03', N'Lỗi động cơ bị quá tải'),
('MSC063', 'MX063', 'MK063', '2023-03-04', N'Lỗi đèn pha không hoạt động'),
('MSC064', 'MX064', 'MK064', '2023-03-05', N'Hư bánh răng'),
('MSC065', 'MX065', 'MK065', '2023-03-06', N'Bộ giảm xóc bị rò rỉ dầu'),
('MSC066', 'MX066', 'MK066', '2023-03-07', N'Hệ thống đèn hậu bị hỏng'),
('MSC067', 'MX067', 'MK067', '2023-03-08', N'Hệ thống treo gặp vấn đề'),
('MSC068', 'MX068', 'MK068', '2023-03-09', N'Lốp xe bị xẹp'),
('MSC069', 'MX069', 'MK069', '2023-03-10', N'Hư hệ thống phanh trước'),
('MSC070', 'MX070', 'MK070', '2023-03-11', N'Hệ thống ly hợp bị kẹt'),
('MSC071', 'MX071', 'MK071', '2023-03-12', N'Lỗi hệ thống lái'),
('MSC072', 'MX072', 'MK072', '2023-03-13', N'Bình xăng bị rò rỉ'),
('MSC073', 'MX073', 'MK073', '2023-03-14', N'Hư bộ giảm xóc'),
('MSC074', 'MX074', 'MK074', '2023-03-15', N'Lỗi hệ thống làm mát'),
('MSC075', 'MX075', 'MK075', '2023-03-16', N'Hệ thống lái bị lỏng'),
('MSC076', 'MX076', 'MK076', '2023-03-17', N'Rò rỉ dầu phanh'),
('MSC077', 'MX077', 'MK077', '2023-03-18', N'Hư hệ thống đèn báo'),
('MSC078', 'MX078', 'MK078', '2023-03-19', N'Hệ thống đèn pha hỏng'),
('MSC079', 'MX079', 'MK079', '2023-03-20', N'Hệ thống đèn hậu không sáng'),
('MSC080', 'MX080', 'MK080', '2023-03-21', N'Hệ thống treo bị kẹt'),
('MSC081', 'MX081', 'MK081', '2023-03-22', N'Hư bình ắc quy'),
('MSC082', 'MX082', 'MK082', '2023-03-23', N'Hệ thống phanh không ăn'),
('MSC083', 'MX083', 'MK083', '2023-03-24', N'Hệ thống phun xăng bị nghẹt'),
('MSC084', 'MX084', 'MK084', '2023-03-25', N'Hệ thống truyền động bị mòn'),
('MSC085', 'MX085', 'MK085', '2023-03-26', N'Lỗi hệ thống lái'),
('MSC086', 'MX086', 'MK086', '2023-03-27', N'Lỗi động cơ không nổ máy'),
('MSC087', 'MX087', 'MK087', '2023-03-28', N'Hư hệ thống giảm xóc trước'),
('MSC088', 'MX088', 'MK088', '2023-03-29', N'Lốp xe bị mòn quá mức'),
('MSC089', 'MX089', 'MK089', '2023-03-30', N'Bình xăng bị rò rỉ'),
('MSC090', 'MX090', 'MK090', '2023-03-31', N'Hư hệ thống phanh tay'),
('MSC091', 'MX091', 'MK091', '2023-04-01', N'Hệ thống phanh sau không hoạt động'),
('MSC092', 'MX092', 'MK092', '2023-04-02', N'Hệ thống truyền động bị lỗi'),
('MSC093', 'MX093', 'MK093', '2023-04-03', N'Hư bình ắc quy'),
('MSC094', 'MX094', 'MK094', '2023-04-04', N'Bánh trước bị lệch'),
('MSC095', 'MX095', 'MK095', '2023-04-05', N'Hệ thống đèn pha bị cháy'),
('MSC096', 'MX096', 'MK096', '2023-04-06', N'Động cơ bị hỏng'),
('MSC097', 'MX097', 'MK097', '2023-04-07', N'Lỗi bộ truyền động'),
('MSC098', 'MX098', 'MK098', '2023-04-08', N'Hệ thống phanh bị kẹt'),
('MSC099', 'MX099', 'MK099', '2023-04-09', N'Hệ thống đèn hậu bị mờ'),
('MSC100', 'MX100', 'MK100', '2023-04-10', N'Rò rỉ dầu phanh');

insert into HOADON (MaHoaDon,MaNhanVien,MaPhuTung,MaSuaChua,NgayIn,GiaiPhap,SoLuong,TongTien) values
('HD001', 'MNV001', 'MPT001', 'MSC001', '2023-09-01', N'Bảo dưỡng định kỳ xe máy',4, NULL),
('HD002', 'MNV002', 'MPT002', 'MSC002', '2023-09-02', N'Thay nhớt và lọc gió',5,NULL),
('HD003', 'MNV003', 'MPT003', 'MSC003', '2023-09-03', N'Thay phanh xe',2 ,NULL),
('HD004', 'MNV004', 'MPT004', 'MSC004', '2023-09-04', N'Sửa chữa hệ thống đèn xe',4 ,NULL),
('HD005', 'MNV005', 'MPT005', 'MSC005', '2023-09-05', N'Thay bugi', 4,NULL),
('HD006', 'MNV006', 'MPT006', 'MSC006', '2023-09-06', N'Sửa chữa hệ thống làm mát',4,NULL),
('HD001', 'MNV007', 'MPT003', 'MSC007', '2023-09-07', N'Thay lốp xe',4,NULL)
